templatic_post_author,templatic_post_date,templatic_post_title,templatic_post_category,templatic_img,templatic_post_tags,templatic_post_content,templatic_post_excerpt,templatic_post_status,templatic_comment_status,templatic_ping_status,templatic_post_name,templatic_post_type,templatic_post_comment_count,templatic_comments_data,address,geo_latitude,geo_longitude,post_city_id,zip_code,map_view,price_type,price,classified_tag,owner_name,web_site,phone,post_coupons,email,facebook,twitter,google,video,mcheckbox,hobbies,country_id,zones_id,alive_days,featured_type,package_id 
1,7/31/2013 7:36,A Handicraft Bag,"Craftbag,Household and Others",flowerbag.jpg;handicraft-sling.jpg,,When Edward and I walked into Jardini,,publish,open,open,handicraft-bag,classified,3,39~684~John~upendra@gmail.com~http://templatic.com~127.0.0.1~2013-10-08 17:31:06~2013-10-08 17:31:06~Awesome tool for creating a global business directory! Adding new cities is as easy as it can get  the extensive backend features for admin makes this theme a clear winner in this niche.~0~1~null~null~0~0~##40~684~Sapna~sapnapatel361991@gmail.com~http://templatic.com~127.0.0.1~2013-10-08 17:31:06~2013-10-08 17:31:06~Even authors who list their businesses on the site have a lot of control over their listings. They can edit their listings at any time  they can setup their own profile which will be visible to all the site visitors and guess what they can connect their entertainment and events too.~0~1~null~null~0~0~##41~684~Jerry~vishakhaintechnical@gmail.com~http://templatic.com~127.0.0.1~2013-10-08 17:31:06~2013-10-08 17:31:06~I have not seen better Google map integration then this ever. Marker clustering is one hell of a useful feature when you have a huge directory with thousands of listings on map. Ability for the classified submitter to select street view map is an icing on the already yummy cake!~0~1~null~null~40~0~##,"2600 Benjamin Franklin Pkwy, Philadelphia, PA 19130, USA",39.96226478,-75.17747,"1,2,3",106493,Road Map,fixed,250,Sold,Smith,www.craftbazar.com,244 222 1589,,info@paradise.com,http://facebook.com/handicraftbag,http://twitter.com/handicraftbag,http://googleplus.com/handicraftbag,,,,226,3721,360,none,
1,7/31/2013 7:45,Furnitures,"Entertainment,Furniture",beanbag-chairs.jpg,,"SFMOMA was founded in 1935 under director Grace L. McCann Morley as the San Francisco Museum of Art. For its first sixty years, the museum occupied the fourth floor of the War Memorial Veterans Building on Van Ness Avenue in the Civic Center. A gift of 36 artworks from Albert M. Bender, including The Flower Carrier (1935) by Diego Rivera, established the basis of the permanent collection. Bender donated more than 1,100 objects to SFMOMA during his lifetime and endowed the museum first purchase fund

The museum began its second year with an exhibition of works by Henri Matisse. In this same year the museum established its photography collection, becoming one of the first rowhouses to recognize photography as a fine art. SFMOMA held its first architecture exhibition, entitled Telesis: Space for Living, in 1940.

SFMOMA was obliged to move to a temporary facility on Post Street in March 1945 to make way for the United Nations Conference on International Organization. The museum returned to its original Van Ness location in July, upon the signing of the United Nations Charter. Later that year SFMOMA hosted Jackson Pollock first solo museum exhibition

Founding director Grace Morley held film screenings at the museum beginning in 1937, just two years after the institution opened. In 1946 Morley brought in filmmaker Frank Stauffacher to found SFMOMA influential Art in Cinema film series, which ran for nine years. SFMOMA continued its expansion into new media with the 1951 launch of a biweekly television program entitled Art in Your Life. The series, later renamed Discovery, ran for three years. Morley ended her 23-year tenure as museum director in 1958 and was succeeded by George D. Culler (1958",,publish,open,open,furniture,classified,4,47~686~John~upendra@gmail.com~http://templatic.com~127.0.0.1~2013-10-08 17:31:06~2013-10-08 17:31:06~Awesome tool for creating a global business directory! Adding new cities is as easy as it can get  the extensive backend features for admin makes this theme a clear winner in this niche.~0~1~null~null~0~0~##48~686~Sapna~sapnapatel361991@gmail.com~http://templatic.com~127.0.0.1~2013-10-08 17:31:06~2013-10-08 17:31:06~Even authors who list their businesses on the site have a lot of control over their listings. They can edit their listings at any time  they can setup their own profile which will be visible to all the site visitors and guess what they can connect their entertainment and events too.~0~1~null~null~0~0~##49~686~Jerry~vishakhaintechnical@gmail.com~http://templatic.com~127.0.0.1~2013-10-08 17:31:06~2013-10-08 17:31:06~I have not seen better Google map integration then this ever. Marker clustering is one hell of a useful feature when you have a huge directory with thousands of listings on map. Ability for the classified submitter to select street view map is an icing on the already yummy cake!~0~1~null~null~48~0~##50~686~Vedran~vedran@gmail.com~http://templatic.com~127.0.0.1~2013-10-08 17:31:06~2013-10-08 17:31:06~I will only say this is the best business directory theme  period!~0~1~null~null~0~0~##,"280 Broadway, Manhattan, NY 10007, USA",40.71429901,-74.0058154,1,394601,Terrain Map,,5000,,Quincy,,1112223456,,,http://facebook.com/beanbags,http://twitter.com/beanbags,http://googleplus.com/beanbags,,v1~v2,sports~music,226,3713,30,none,
1,7/31/2013 7:51,Music Instruments,Entertainment,saxophones.jpg;piano.jpg;violin.jpg,,"The Asian Art Museum of San Francisco is a museum in San Francisco, California, United States. It has one of the most comprehensive collections of Asian art in the world.

Until 2003 the museum shared a space with the de Young Museum in Golden Gate Park; during its last year in the park it was closed for the purpose of moving to its new location, and it re-opened on March 20, 2003 in the former San Francisco city library building opposite the San Francisco Civic Center, renovated for the purpose under the direction of Italian architect Gae Aulenti. Lord Cultural Resources, a cultural professional practice, was also commissioned to undertake a three-part sequence of planning studies for the relocation of the Museum.

The collection has approximately 17,000 works of art and artifacts from all major Asian countries and traditions, some of which are as much as 6,000 years old. Major galleries are devoted to the arts of South Asia, West Asia (including Persia), Southeast Asia, the Himalayas, China, Korea and Japan. There are 2,500 works on display in the permanent collection.

The museum owes its origin to a donation to the city of San Francisco by Chicago millionaire Avery Brundage, who was a major collector of Asian art. The Society for Asian Art, incorporated in 1958, was the group that formed specifically to gain Avery Brundage collection. The museum opened in 1966 as a wing of the M. H. de Young Memorial Museum in Golden Gate Park. Brundage continued to make donations to the museum, including the bequest of all his remaining personal collection of Asian art on his death in 1975. In total, Brundage donated more than 7,700 Asian art objects to San Francisco.",,publish,open,open,music-instrument,classified,5,51~687~John~upendra@gmail.com~http://templatic.com~127.0.0.1~2013-10-08 17:31:06~2013-10-08 17:31:06~Awesome tool for creating a global business directory! Adding new cities is as easy as it can get  the extensive backend features for admin makes this theme a clear winner in this niche.~0~1~null~null~0~0~##52~687~Sapna~sapnapatel361991@gmail.com~http://templatic.com~127.0.0.1~2013-10-08 17:31:06~2013-10-08 17:31:06~Even authors who list their businesses on the site have a lot of control over their listings. They can edit their listings at any time  they can setup their own profile which will be visible to all the site visitors and guess what they can connect their entertainment and events too.~0~1~null~null~0~0~##53~687~Jerry~vishakhaintechnical@gmail.com~http://templatic.com~127.0.0.1~2013-10-08 17:31:06~2013-10-08 17:31:06~I have not seen better Google map integration then this ever. Marker clustering is one hell of a useful feature when you have a huge directory with thousands of listings on map. Ability for the classified submitter to select street view map is an icing on the already yummy cake!~0~1~null~null~52~0~##54~687~Vedran~vedran@gmail.com~http://templatic.com~127.0.0.1~2013-10-08 17:31:06~2013-10-08 17:31:06~I will only say this is the best business directory theme  period!~0~1~null~null~0~0~##55~687~Alkesh~miyanialkesh7@gmail.com~http://templatic.com~127.0.0.1~2013-10-08 17:31:06~2013-10-08 17:31:06~Beauty for me is as an admin i have control over EVERYTHING  The whole theme is widget ready so that makes it easy for me to display the elemnts which i want to display. Just drag and drop the widgets and i am done. I must say this is one well thought out product as a whole  m lovin it!~0~1~null~null~54~0~##,"26 E 23rd St, Manhattan, NY 10010, USA",40.74053501,-73.987917,1,649310,Terrain Map,negotiable,21000,,Alina,http://themusicaltheme.com,111 222 3456,,,http://facebook.com/themusicaltheme,http://twitter.com/themusicaltheme,http://googleplus.com/themusicaltheme,,,,226,3713,30,none,
1,7/31/2013 7:52,LCD TV,Entertainment,tv2.jpg;tv3.jpg,,"Mission Dolores Park (commonly called Dolores Park; formerly known as Mission Park) is a San Francisco, California, city park located in the neighborhood of Mission Dolores, at the western edge of the Mission District, which lies to the east of the park. To the west of the park is a hillside referred to as ""Dolores Heights"" or considered a part of the Castro neighborhood. Dolores Park is two blocks tall by one block wide, based on the configuration of north-south and east-west blocks in that part of San Francisco. It is bounded by 18th Street on the north, 20th Street to the south, Dolores Street to the east and Church Street to the west. The northern end of Dolores Park is located directly across the street from Mission High School.

Dolores park offers several features: several tennis courts and a basketball court, a soccer field, a children playground, and a dog play facebook. The southern half of the park is also notable for its views of the Mission district, downtown, the San Francisco Bay and the East Bay. Also notable is the routing of the Muni Metro J-Church streetcar line through the park.

The park lies east of Twin Peaks in the warm and sunny microclimate of the Mission neighborhood. The park is popular among San Franciscans looking for outdoor relaxation and recreation.",,publish,open,open,lcd-tv,classified,4,56~688~John~upendra@gmail.com~http://templatic.com~127.0.0.1~2013-10-08 17:31:06~2013-10-08 17:31:06~Awesome tool for creating a global business directory! Adding new cities is as easy as it can get  the extensive backend features for admin makes this theme a clear winner in this niche.~0~1~null~null~0~0~##57~688~Sapna~sapnapatel361991@gmail.com~http://templatic.com~127.0.0.1~2013-10-08 17:31:06~2013-10-08 17:31:06~Even authors who list their businesses on the site have a lot of control over their listings. They can edit their listings at any time  they can setup their own profile which will be visible to all the site visitors and guess what they can connect their entertainment and events too.~0~1~null~null~0~0~##58~688~Jerry~vishakhaintechnical@gmail.com~http://templatic.com~127.0.0.1~2013-10-08 17:31:06~2013-10-08 17:31:06~I have not seen better Google map integration then this ever. Marker clustering is one hell of a useful feature when you have a huge directory with thousands of listings on map. Ability for the classified submitter to select street view map is an icing on the already yummy cake!~0~1~null~null~57~0~##59~688~Vedran~vedran@gmail.com~http://templatic.com~127.0.0.1~2013-10-08 17:31:06~2013-10-08 17:31:06~I will only say this is the best business directory theme  period!~0~1~null~null~0~0~##,"1601-1645 Market St, San Francisco, CA 94103, USA",37.77352796,-122.4212067,"1,2,3",106493,Terrain Map,Fixed,26000,In Discount,Jerry,http://tvshop.com,111 222 3456,,,http://facebook.com/tvshop,http://twitter.com/tvshop,http://googleplus.com/tvshop,,,,226,3709,360,none,
11,7/31/2013 7:54,Science Journals,Entertainment,discovercds.jpg;Scientificamerica.jpg;SpringMagazines.jpg,,"The Japanese Tea Garden in San Francisco, California, is a popular feature of Golden Gate Park, originally built as part of a sprawling World Fair, the California Midwinter International Exposition of 1894. For more than 20 years San Francisco Parks Trusts Park Guides have given free tours to San Francisco Parks trust members, providing context and history for this historic Japanese-style garden.

The oldest public Japanese garden in the United States, this complex of many paths, ponds and a teahouse features native Japanese and Chinese plants. The gardens 5 acres (2.0 ha) contain many sculptures and bridges.",,publish,open,open,science-journal,classified,5,33~131~John~upendra@gmail.com~http://templatic.com~127.0.0.1~2013-10-08 17:31:06~2013-10-08 17:31:06~Awesome tool for creating a global business directory! Adding new cities is as easy as it can get  the extensive backend features for admin makes this theme a clear winner in this niche.~0~1~null~null~0~0~##34~131~Sapna~sapnapatel361991@gmail.com~http://templatic.com~127.0.0.1~2013-10-08 17:31:06~2013-10-08 17:31:06~Even authors who list their businesses on the site have a lot of control over their listings. They can edit their listings at any time  they can setup their own profile which will be visible to all the site visitors and guess what they can connect their entertainment and events too.~0~1~null~null~0~0~##35~131~Jerry~vishakhaintechnical@gmail.com~http://templatic.com~127.0.0.1~2013-10-08 17:31:06~2013-10-08 17:31:06~I have not seen better Google map integration then this ever. Marker clustering is one hell of a useful feature when you have a huge directory with thousands of listings on map. Ability for the classified submitter to select street view map is an icing on the already yummy cake!~0~1~null~null~34~0~##36~131~Vedran~vedran@gmail.com~http://templatic.com~127.0.0.1~2013-10-08 17:31:06~2013-10-08 17:31:06~I will only say this is the best business directory theme  period!~0~1~null~null~0~0~##37~131~Alkesh~miyanialkesh7@gmail.com~http://templatic.com~127.0.0.1~2013-10-08 17:31:06~2013-10-08 17:31:06~Beauty for me is as an admin i have control over EVERYTHING  The whole theme is widget ready so that makes it easy for me to display the elemnts which i want to display. Just drag and drop the widgets and i am done. I must say this is one well thought out product as a whole  m lovin it!~0~1~null~null~36~0~##,"Greenwich Village, Union Square, East Village, 828 Broadway, New York, NY 10003 ",40.737097,-73.990332,"1,2,3",,Road Map,Fixed,1000,Hot,200,,0261 254 9854,,,http://facebook.com/books,http://twitter.com/books,http://googleplus.com/books,,,,226,3709,360,none,
1,7/31/2013 7:54,Most Amazing Discovery,Household and Others,mostamazing.jpg;manvswild.jpg,,"The Japanese Tea Garden in San Francisco, California, is a popular feature of Golden Gate Park, originally built as part of a sprawling World Fair, the California Midwinter International Exposition of 1894. For more than 20 years San Francisco Parks Trusts Park Guides have given free tours to San Francisco Parks trust members, providing context and history for this historic Japanese-style garden.

The oldest public Japanese garden in the United States, this complex of many paths, ponds and a teahouse features native Japanese and Chinese plants. The gardens 5 acres (2.0 ha) contain many sculptures and bridges.",,publish,open,open,amazing-discovery-2,classified,5,75~133~John~upendra@gmail.com~http://templatic.com~127.0.0.1~2013-10-08 17:31:06~2013-10-08 17:31:06~Awesome tool for creating a global business directory! Adding new cities is as easy as it can get  the extensive backend features for admin makes this theme a clear winner in this niche.~0~1~null~null~0~0~##76~133~Sapna~sapnapatel361991@gmail.com~http://templatic.com~127.0.0.1~2013-10-08 17:31:06~2013-10-08 17:31:06~Even authors who list their businesses on the site have a lot of control over their listings. They can edit their listings at any time  they can setup their own profile which will be visible to all the site visitors and guess what they can connect their entertainment and events too.~0~1~null~null~0~0~##77~133~Jerry~vishakhaintechnical@gmail.com~http://templatic.com~127.0.0.1~2013-10-08 17:31:06~2013-10-08 17:31:06~I have not seen better Google map integration then this ever. Marker clustering is one hell of a useful feature when you have a huge directory with thousands of listings on map. Ability for the classified submitter to select street view map is an icing on the already yummy cake!~0~1~null~null~76~0~##78~133~Vedran~vedran@gmail.com~http://templatic.com~127.0.0.1~2013-10-08 17:31:06~2013-10-08 17:31:06~I will only say this is the best business directory theme  period!~0~1~null~null~0~0~##79~133~Alkesh~miyanialkesh7@gmail.com~http://templatic.com~127.0.0.1~2013-10-08 17:31:06~2013-10-08 17:31:06~Beauty for me is as an admin i have control over EVERYTHING  The whole theme is widget ready so that makes it easy for me to display the elemnts which i want to display. Just drag and drop the widgets and i am done. I must say this is one well thought out product as a whole  m lovin it!~0~1~null~null~78~0~##,"Cobble Hill 163 Court St Brooklyn, NY 11201",40.688709,-73.992821,"1,2,3",,Terrain Map,Negotiable,18000,New,Amily,,718 875 3677,,,http://facebook.com/furnitureshop,http://twitter.com/furnitureshop,http://googleplus.com/furnitureshop,,,,226,3709,360,none,
1,7/31/2013 7:54,CD Store,Entertainment,discoverycd.jpg,,"The Japanese Tea Garden in San Francisco, California, is a popular feature of Golden Gate Park, originally built as part of a sprawling World Fair, the California Midwinter International Exposition of 1894. For more than 20 years San Francisco Parks Trusts Park Guides have given free tours to San Francisco Parks trust members, providing context and history for this historic Japanese-style garden.

The oldest public Japanese garden in the United States, this complex of many paths, ponds and a teahouse features native Japanese and Chinese plants. The gardens 5 acres (2.0 ha) contain many sculptures and bridges.",,publish,open,open,cd-store,classified,5,60~689~John~upendra@gmail.com~http://templatic.com~127.0.0.1~2013-10-08 17:31:06~2013-10-08 17:31:06~Awesome tool for creating a global business directory! Adding new cities is as easy as it can get  the extensive backend features for admin makes this theme a clear winner in this niche.~0~1~null~null~0~0~##61~689~Sapna~sapnapatel361991@gmail.com~http://templatic.com~127.0.0.1~2013-10-08 17:31:06~2013-10-08 17:31:06~Even authors who list their businesses on the site have a lot of control over their listings. They can edit their listings at any time  they can setup their own profile which will be visible to all the site visitors and guess what they can connect their entertainment and events too.~0~1~null~null~0~0~##62~689~Jerry~vishakhaintechnical@gmail.com~http://templatic.com~127.0.0.1~2013-10-08 17:31:06~2013-10-08 17:31:06~I have not seen better Google map integration then this ever. Marker clustering is one hell of a useful feature when you have a huge directory with thousands of listings on map. Ability for the classified submitter to select street view map is an icing on the already yummy cake!~0~1~null~null~61~0~##63~689~Vedran~vedran@gmail.com~http://templatic.com~127.0.0.1~2013-10-08 17:31:06~2013-10-08 17:31:06~I will only say this is the best business directory theme  period!~0~1~null~null~0~0~##64~689~Alkesh~miyanialkesh7@gmail.com~http://templatic.com~127.0.0.1~2013-10-08 17:31:06~2013-10-08 17:31:06~Beauty for me is as an admin i have control over EVERYTHING  The whole theme is widget ready so that makes it easy for me to display the elemnts which i want to display. Just drag and drop the widgets and i am done. I must say this is one well thought out product as a whole  m lovin it!~0~1~null~null~63~0~##,"7 Hagiwara Tea Garden Drive, San Francisco, CA 94118",37.77089367,-122.4684397,"1,2,3",,Terrain Map,Fixed,2600,Hot,Ani,,0261 222 3232,,,http://facebook.com/templatic,http://twitter.com/templatic,http://googleplus.com/templatic,,,,226,3709,360,none,
,,,,,,,,,,,,,,,,,,,,,,,,,,,,,,,,,,,,,,,
,,,,,,,,,,,,,,,,,,,,,,,,,,,,,,,,,,,,,,,
,,,,,,,,,,,,,,,,,,,,,,,,,,,,,,,,,,,,,,,
,,,,,,,,,,,,,,,,,,,,,,,,,,,,,,,,,,,,,,,
,,,,,,,,,,,,,,,,,,,,,,,,,,,,,,,,,,,,,,,
,,,,,,,,,,,,,,,,,,,,,,,,,,,,,,,,,,,,,,,
,,,,,,,,,,,,,,,,,,,,,,,,,,,,,,,,,,,,,,,
,,,,,,,,,,,,,,,,,,,,,,,,,,,,,,,,,,,,,,,
,,,,,,,,,,,,,,,,,,,,,,,,,,,,,,,,,,,,,,,
,,,,,,,,,,,,,,,,,,,,,,,,,,,,,,,,,,,,,,,
,,,,,,,,,,,,,,,,,,,,,,,,,,,,,,,,,,,,,,,
,,,,,,,,,,,,,,,,,,,,,,,,,,,,,,,,,,,,,,,
,,,,,,,,,,,,,,,,,,,,,,,,,,,,,,,,,,,,,,,
,,,,,,,,,,,,,,,,,,,,,,,,,,,,,,,,,,,,,,,
